{
  "index_patterns": "logs-template",
  "settings" : {
    "index.refresh_interval" : "5s"
  },
  "mappings" : {
      "dynamic_templates" : [ {
        "message_field" : {
          "mapping" : {
            "type" : "object"
          },
          "match_mapping_type" : "object",
          "match" : "message"
        }
      }, {
        "keyword_fields" : {
          "mapping" : {
            "type" : "object"
          },
          "match_mapping_type" : "object",
          "match" : "*"
      }
      } ]
    }
}