<?xml version="1.0"?>
<!--
  Licensed under the Apache License, Version 2.0 (the "License");
  you may not use this file except in compliance with the License.
  You may obtain a copy of the License at

    http://www.apache.org/licenses/LICENSE-2.0

  Unless required by applicable law or agreed to in writing, software
  distributed under the License is distributed on an "AS IS" BASIS,
  WITHOUT WARRANTIES OR CONDITIONS OF ANY KIND, either express or implied.
  See the License for the specific language governing permissions and
  limitations under the License. See accompanying LICENSE file.
-->
<configuration>

<!-- Site specific YARN configuration properties -->
<property>
   <name>yarn.resourcemanager.hostname</name>
   <value>master</value>
</property>
<property>
   <description>The address of the applications manager interface in the RM.</description>
   <name>yarn.resourcemanager.address</name>
   <value>${yarn.resourcemanager.hostname}:8032</value>
</property>
<property>
   <description>The address of the scheduler interface.</description>
   <name>yarn.resourcemanager.scheduler.address</name>
   <value>${yarn.resourcemanager.hostname}:8030</value>
</property>
<property>
   <description>The http address of the RM web application.</description>
   <name>yarn.resourcemanager.webapp.address</name>
   <value>${yarn.resourcemanager.hostname}:8088</value>
</property>
<property>
   <description>The https adddress of the RM web application.</description>
   <name>yarn.resourcemanager.webapp.https.address</name>
   <value>${yarn.resourcemanager.hostname}:8090</value>
</property>
<property>
   <name>yarn.resourcemanager.resource-tracker.address</name>
   <value>${yarn.resourcemanager.hostname}:8031</value>
</property>
<property>
   <description>The address of the RM admin interface.</description>
   <name>yarn.resourcemanager.admin.address</name>
   <value>${yarn.resourcemanager.hostname}:8033</value>
</property>
<property>
   <name>yarn.nodemanager.aux-services</name>
   <value>mapreduce_shuffle</value>
</property>
<property>
   <name>yarn.scheduler.maximum-allocation-mb</name>
   <value>2048</value>
   <discription>每个节点可用内存,单位MB,默认8182MB</discription>
</property>
<property>
   <name>yarn.nodemanager.vmem-pmem-ratio</name>
   <value>2.1</value>
</property>
<property>
   <name>yarn.nodemanager.resource.memory-mb</name>
   <value>2048</value>
</property>
<property>
   <name>yarn.nodemanager.vmem-check-enabled</name>
   <value>false</value>
</property>
<property>
   <name>yarn.nodemanager.pmem-check-enabled</name>
   <value>false</value>
</property>



</configuration>
